producto,ciudad,trend_slope,p,d,q
Aguacate*,ARMENIA,0.0,0.0,1.0,0.0
Aguacate*,BARRANQUILLA,32.0,0.0,1.0,0.0
Aguacate*,"BOGOTÁ, D.C.",13.849098908298402,1.0,1.0,1.0
Aguacate*,BUCARAMANGA,0.0,0.0,1.0,0.0
Aguacate*,CALI,342.3660605909736,6.0,1.0,1.0
Aguacate*,CARTAGENA DE INDIAS,0.0,0.0,1.0,0.0
Aguacate*,CÚCUTA,0.0,0.0,1.0,0.0
Aguacate*,IBAGUÉ,0.0,1.0,1.0,0.0
Aguacate*,MANIZALES,-77.73746811093406,1.0,1.0,1.0
Aguacate*,MEDELLÍN,-7.500928682586164,4.0,1.0,1.0
Aguacate*,MONTERÍA,0.0,0.0,1.0,0.0
Aguacate*,NEIVA,114.40007259184131,3.0,1.0,2.0
Aguacate*,PEREIRA,159.016196847022,5.0,1.0,1.0
Aguacate*,POPAYÁN,121.31167523139811,2.0,1.0,2.0
Aguacate*,SAN JOSÉ DE CÚCUTA,0.0,0.0,1.0,0.0
Aguacate*,SINCELEJO,0.0,0.0,1.0,0.0
Aguacate*,TUNJA,-26.431218326491035,5.0,1.0,0.0
Aguacate*,VALLEDUPAR,0.0,0.0,1.0,0.0
Aguacate*,VILLAVICENCIO,-95.60341375322241,3.0,1.0,1.0
Ahuyama,ARMENIA,-0.2622576113916466,5.0,1.0,1.0
Ahuyama,BARRANQUILLA,-0.5876553069202828,3.0,1.0,1.0
Ahuyama,"BOGOTÁ, D.C.",9.387911024470668,0.0,1.0,1.0
Ahuyama,BUCARAMANGA,0.0,0.0,1.0,0.0
Ahuyama,CALI,-26.125688325261763,3.0,1.0,1.0
Ahuyama,CARTAGENA DE INDIAS,5.9421308975327065,1.0,0.0,0.0
Ahuyama,CÚCUTA,0.0,0.0,1.0,0.0
Ahuyama,IBAGUÉ,-27.008795425807648,0.0,1.0,1.0
Ahuyama,MANIZALES,0.0,0.0,1.0,0.0
Ahuyama,MEDELLÍN,0.15582947060818242,1.0,1.0,1.0
Ahuyama,MONTERÍA,-15.386384473550038,7.0,1.0,4.0
Ahuyama,PEREIRA,-22.80050838319903,8.0,1.0,0.0
Ahuyama,POPAYÁN,0.0,0.0,1.0,0.0
Ahuyama,SAN JOSÉ DE CÚCUTA,10.310296653492287,2.0,0.0,0.0
Ahuyama,SANTA MARTA,-857.0,0.0,0.0,0.0
Ahuyama,SINCELEJO,12.260666781621126,1.0,0.0,1.0
Ahuyama,TUNJA,-3.866787010255962,4.0,1.0,0.0
Ahuyama,VALLEDUPAR,31.054778748350373,3.0,0.0,1.0
Arracacha*,ARMENIA,-0.11817576353837467,0.0,1.0,1.0
Arracacha*,"BOGOTÁ, D.C.",38.37957114401274,2.0,1.0,2.0
Arracacha*,BUCARAMANGA,-5.852187280806447,3.0,1.0,2.0
Arracacha*,CÚCUTA,184.94193165478055,2.0,1.0,2.0
Arracacha*,IBAGUÉ,10.878076113245584,0.0,1.0,1.0
Arracacha*,MEDELLÍN,-10.598328213127843,6.0,1.0,1.0
Arracacha*,NEIVA,12.909089857214212,0.0,1.0,1.0
Arracacha*,PASTO,-0.14087528680704509,0.0,1.0,3.0
Arracacha*,PEREIRA,107.30794380526117,6.0,1.0,3.0
Arracacha*,SAN JOSÉ DE CÚCUTA,36.30454086151303,2.0,1.0,2.0
Arracacha*,TUNJA,-17.017764484402733,3.0,1.0,1.0
Arracacha*,VALLEDUPAR,283.5404168847235,0.0,1.0,1.0
Arracacha*,VILLAVICENCIO,44.60560468278936,4.0,1.0,0.0
Arveja verde en vaina,ARMENIA,-207.92089481934272,4.0,1.0,0.0
Arveja verde en vaina,BARRANQUILLA,287.2335183447685,6.0,1.0,0.0
Arveja verde en vaina,"BOGOTÁ, D.C.",61.88910609266895,2.0,1.0,1.0
Arveja verde en vaina,BUCARAMANGA,432.8364524231065,0.0,1.0,3.0
Arveja verde en vaina,CALI,216.80506382673775,4.0,1.0,0.0
Arveja verde en vaina,CÚCUTA,-56.74506580005618,5.0,1.0,0.0
Arveja verde en vaina,IBAGUÉ,460.33653942987075,4.0,0.0,1.0
Arveja verde en vaina,MANIZALES,367.07225574230597,0.0,1.0,2.0
Arveja verde en vaina,MEDELLÍN,187.7424706611455,2.0,1.0,2.0
Arveja verde en vaina,NEIVA,1076.6854543749396,5.0,1.0,0.0
Arveja verde en vaina,PASTO,0.0,0.0,1.0,0.0
Arveja verde en vaina,PEREIRA,231.0283136980206,3.0,1.0,2.0
Arveja verde en vaina,POPAYÁN,547.5501956407406,1.0,1.0,0.0
Arveja verde en vaina,SAN JOSÉ DE CÚCUTA,412.3667694694177,4.0,0.0,0.0
Arveja verde en vaina,TUNJA,690.6437701242157,3.0,1.0,0.0
Arveja verde en vaina,VILLAVICENCIO,808.2794011564283,0.0,1.0,1.0
Banano*,ARMENIA,-3.8354621085641156,2.0,1.0,1.0
Banano*,BARRANQUILLA,17.152642086643027,2.0,1.0,0.0
Banano*,"BOGOTÁ, D.C.",81.98837629582158,0.0,1.0,1.0
Banano*,BUCARAMANGA,0.0,0.0,1.0,0.0
Banano*,CALI,-130.341872628489,5.0,1.0,0.0
Banano*,CÚCUTA,-25.768550433731434,1.0,1.0,2.0
Banano*,IBAGUÉ,-113.3098073430051,0.0,1.0,2.0
Banano*,MANIZALES,-35.73775438608436,5.0,1.0,0.0
Banano*,MEDELLÍN,3.444600184878709,5.0,1.0,0.0
Banano*,MONTERÍA,0.0,5.0,1.0,0.0
Banano*,NEIVA,0.7191624570691602,1.0,1.0,1.0
Banano*,PEREIRA,-82.32418977623774,8.0,1.0,0.0
Banano*,POPAYÁN,6.526024823004491,2.0,1.0,0.0
Banano*,SAN JOSÉ DE CÚCUTA,-20.107532201437607,1.0,1.0,1.0
Banano*,SANTA MARTA,0.5839042062898443,0.0,1.0,1.0
Banano*,SINCELEJO,0.0,0.0,1.0,0.0
Banano*,TUNJA,7.619016519664456,0.0,1.0,1.0
Banano*,VALLEDUPAR,-0.6394384811782174,1.0,0.0,0.0
Banano*,VILLAVICENCIO,0.0,0.0,1.0,0.0
Cebolla cabezona blanca,ARMENIA,0.0016125467000165372,0.0,1.0,1.0
Cebolla cabezona blanca,BARRANQUILLA,0.0,0.0,1.0,0.0
Cebolla cabezona blanca,"BOGOTÁ, D.C.",12.230327299603005,3.0,1.0,0.0
Cebolla cabezona blanca,BUCARAMANGA,0.0,0.0,1.0,0.0
Cebolla cabezona blanca,CALI,27.92815468776371,6.0,1.0,0.0
Cebolla cabezona blanca,CARTAGENA DE INDIAS,17.479501436881037,1.0,0.0,0.0
Cebolla cabezona blanca,CÚCUTA,35.0351404434864,5.0,1.0,0.0
Cebolla cabezona blanca,IBAGUÉ,-31.410804796801585,2.0,1.0,0.0
Cebolla cabezona blanca,MANIZALES,-17.77388280604464,2.0,0.0,0.0
Cebolla cabezona blanca,MEDELLÍN,-2.625654602675695,4.0,1.0,0.0
Cebolla cabezona blanca,MONTERÍA,-8.458291267756977,1.0,0.0,0.0
Cebolla cabezona blanca,PASTO,6.204763873699449,2.0,1.0,0.0
Cebolla cabezona blanca,PEREIRA,-50.47307751348899,5.0,1.0,0.0
Cebolla cabezona blanca,POPAYÁN,-22.08285660790216,1.0,0.0,0.0
Cebolla cabezona blanca,SAN JOSÉ DE CÚCUTA,0.0,0.0,1.0,0.0
Cebolla cabezona blanca,SANTA MARTA,13.405552808723769,1.0,1.0,0.0
Cebolla cabezona blanca,SINCELEJO,-3.5403290156418734,0.0,1.0,1.0
Cebolla cabezona blanca,TUNJA,0.0,0.0,1.0,0.0
Cebolla cabezona blanca,VALLEDUPAR,8.536734739407166,5.0,0.0,2.0
Cebolla cabezona blanca,VILLAVICENCIO,-6.492110186609807,2.0,0.0,1.0
Cebolla junca,ARMENIA,26.625387678697052,4.0,1.0,1.0
Cebolla junca,BARRANQUILLA,-5667.0,0.0,0.0,0.0
Cebolla junca,"BOGOTÁ, D.C.",-29.423167210637075,5.0,1.0,1.0
Cebolla junca,BUCARAMANGA,60.21165528147958,5.0,1.0,1.0
Cebolla junca,CALI,15.352266768516074,5.0,1.0,0.0
Cebolla junca,CÚCUTA,-16.00593080455269,3.0,1.0,2.0
Cebolla junca,MANIZALES,-28.417719371848307,2.0,1.0,1.0
Cebolla junca,MEDELLÍN,22.17088195546694,9.0,1.0,1.0
Cebolla junca,MONTERÍA,549.7212600509238,0.0,1.0,1.0
Cebolla junca,NEIVA,-192.20515440600684,5.0,1.0,0.0
Cebolla junca,PASTO,-1.2528277882242946,5.0,1.0,0.0
Cebolla junca,PEREIRA,0.31588185366240396,8.0,1.0,0.0
Cebolla junca,POPAYÁN,76.58864215637595,4.0,1.0,0.0
Cebolla junca,SAN JOSÉ DE CÚCUTA,56.12025584714411,4.0,1.0,0.0
Cebolla junca,SINCELEJO,68.0675759853716,0.0,1.0,1.0
Cebolla junca,TUNJA,59.70498204033629,5.0,1.0,0.0
Cebolla junca,VILLAVICENCIO,5.800439193310012,3.0,1.0,0.0
Chócolo mazorca,ARMENIA,5.684341886080801e-13,0.0,1.0,2.0
Chócolo mazorca,BARRANQUILLA,-2.5430508453050606,0.0,1.0,1.0
Chócolo mazorca,"BOGOTÁ, D.C.",0.0,0.0,1.0,0.0
Chócolo mazorca,BUCARAMANGA,0.0,0.0,1.0,0.0
Chócolo mazorca,CALI,-25.27146915819435,1.0,1.0,0.0
Chócolo mazorca,CARTAGENA DE INDIAS,5.6445646630825195,0.0,1.0,1.0
Chócolo mazorca,CÚCUTA,-7.911269075224936,1.0,1.0,4.0
Chócolo mazorca,IBAGUÉ,-69.69447418577715,3.0,1.0,1.0
Chócolo mazorca,MANIZALES,87.14415447018473,6.0,1.0,3.0
Chócolo mazorca,MEDELLÍN,0.9901606078381064,2.0,1.0,0.0
Chócolo mazorca,MONTERÍA,-4.883531335349517,2.0,1.0,1.0
Chócolo mazorca,NEIVA,69.65894469558998,2.0,1.0,3.0
Chócolo mazorca,PASTO,13.29807923190765,3.0,1.0,1.0
Chócolo mazorca,POPAYÁN,-7.215660742467321,5.0,1.0,0.0
Chócolo mazorca,SAN JOSÉ DE CÚCUTA,46.15706718000183,1.0,0.0,2.0
Chócolo mazorca,SANTA MARTA,0.0,0.0,1.0,0.0
Chócolo mazorca,SINCELEJO,0.0,0.0,1.0,0.0
Chócolo mazorca,TUNJA,3.304541895643524,1.0,1.0,0.0
Chócolo mazorca,VALLEDUPAR,0.0,0.0,1.0,0.0
Chócolo mazorca,VILLAVICENCIO,-47.29820516755581,0.0,1.0,1.0
Coco,ARMENIA,0.0015416102678500465,0.0,1.0,1.0
Coco,BARRANQUILLA,0.0,0.0,1.0,0.0
Coco,"BOGOTÁ, D.C.",-1.340191270143805,3.0,1.0,1.0
Coco,CALI,-201.01490391778225,9.0,1.0,0.0
Coco,CARTAGENA DE INDIAS,0.5122252645787739,1.0,1.0,1.0
Coco,MANIZALES,0.0,0.0,1.0,0.0
Coco,MEDELLÍN,8.98862484142228,5.0,1.0,0.0
Coco,MONTERÍA,-0.010240939267532667,0.0,1.0,1.0
Coco,PEREIRA,4.045965866840561,4.0,1.0,0.0
Coco,SINCELEJO,12.565124623970405,1.0,1.0,1.0
Coco,VALLEDUPAR,0.0,0.0,1.0,0.0
Granadilla,ARMENIA,0.0,0.0,1.0,0.0
Granadilla,"BOGOTÁ, D.C.",19.69585860553798,4.0,1.0,0.0
Granadilla,BUCARAMANGA,7.470832631479425,1.0,1.0,1.0
Granadilla,CALI,200.38989735085215,4.0,1.0,0.0
Granadilla,CÚCUTA,-136.29231137922488,3.0,1.0,0.0
Granadilla,IBAGUÉ,0.0,0.0,1.0,0.0
Granadilla,MANIZALES,-5.798726769733548,0.0,1.0,1.0
Granadilla,MEDELLÍN,0.0,1.0,1.0,0.0
Granadilla,NEIVA,132.49467777226073,1.0,1.0,1.0
Granadilla,PASTO,-39.71001365868142,4.0,1.0,0.0
Granadilla,PEREIRA,3.729958644009457,1.0,1.0,2.0
Granadilla,POPAYÁN,77.99971305725285,5.0,1.0,1.0
Granadilla,SAN JOSÉ DE CÚCUTA,0.0,0.0,1.0,0.0
Granadilla,TUNJA,36.058481685809966,5.0,1.0,0.0
Granadilla,VILLAVICENCIO,-76.93990488798227,2.0,1.0,0.0
Guayaba*,ARMENIA,-25.193916920326956,4.0,1.0,1.0
Guayaba*,BARRANQUILLA,-23.512700583810783,7.0,1.0,1.0
Guayaba*,"BOGOTÁ, D.C.",-18.692536327597736,3.0,1.0,0.0
Guayaba*,BUCARAMANGA,-21.875504179710333,6.0,1.0,0.0
Guayaba*,CALI,19.052487705404246,4.0,1.0,1.0
Guayaba*,CARTAGENA DE INDIAS,0.0,0.0,1.0,0.0
Guayaba*,CÚCUTA,0.0,1.0,1.0,0.0
Guayaba*,IBAGUÉ,27.6360279407927,1.0,1.0,0.0
Guayaba*,MANIZALES,17.13963494048403,1.0,1.0,1.0
Guayaba*,MEDELLÍN,-0.9441163107371722,0.0,1.0,1.0
Guayaba*,NEIVA,9.120153048160773,3.0,1.0,1.0
Guayaba*,PASTO,-18.599643068346722,1.0,0.0,0.0
Guayaba*,PEREIRA,1.665378473063356,6.0,1.0,1.0
Guayaba*,POPAYÁN,46.6360496560651,2.0,1.0,1.0
Guayaba*,SAN JOSÉ DE CÚCUTA,0.0,0.0,1.0,0.0
Guayaba*,SANTA MARTA,,,,
Guayaba*,TUNJA,21.648620837630915,2.0,1.0,2.0
Guayaba*,VILLAVICENCIO,77.62488905830878,6.0,1.0,0.0
Habichuela,ARMENIA,-6.40423366192681,0.0,1.0,1.0
Habichuela,BARRANQUILLA,191.38122898345637,4.0,1.0,1.0
Habichuela,"BOGOTÁ, D.C.",70.48515284740597,3.0,1.0,1.0
Habichuela,BUCARAMANGA,0.0,0.0,1.0,0.0
Habichuela,CALI,297.5615924242493,3.0,1.0,2.0
Habichuela,CARTAGENA DE INDIAS,0.0,0.0,1.0,0.0
Habichuela,CÚCUTA,50.41962936069967,3.0,1.0,1.0
Habichuela,IBAGUÉ,189.7041718112232,9.0,1.0,0.0
Habichuela,MANIZALES,346.7959360334628,6.0,1.0,1.0
Habichuela,MEDELLÍN,67.61487356063844,1.0,0.0,0.0
Habichuela,MONTERÍA,117.04581591449369,6.0,1.0,1.0
Habichuela,NEIVA,216.72144159440995,5.0,1.0,1.0
Habichuela,PASTO,158.36287306718032,4.0,1.0,2.0
Habichuela,PEREIRA,151.26913086078503,7.0,1.0,0.0
Habichuela,POPAYÁN,411.0309801447702,1.0,1.0,1.0
Habichuela,SAN JOSÉ DE CÚCUTA,324.39195436272075,2.0,0.0,0.0
Habichuela,SANTA MARTA,-289.88267291274224,0.0,1.0,1.0
Habichuela,SINCELEJO,0.0,0.0,1.0,0.0
Habichuela,TUNJA,247.81628081693316,7.0,1.0,1.0
Habichuela,VALLEDUPAR,0.0,0.0,1.0,0.0
Habichuela,VILLAVICENCIO,617.7511530220609,8.0,1.0,3.0
Limón Común,ARMENIA,-2.1238523459032876e-05,0.0,1.0,1.0
Limón Común,BARRANQUILLA,512.9171960590838,1.0,1.0,2.0
Limón Común,"BOGOTÁ, D.C.",38.61278910641886,4.0,1.0,0.0
Limón Común,BUCARAMANGA,-30.65305291166669,3.0,0.0,2.0
Limón Común,CALI,26.852554443365534,3.0,1.0,0.0
Limón Común,CÚCUTA,0.0,0.0,1.0,0.0
Limón Común,IBAGUÉ,-59.29618890017605,0.0,1.0,1.0
Limón Común,MEDELLÍN,0.0,0.0,1.0,0.0
Limón Común,MONTERÍA,72.02482763231001,1.0,0.0,2.0
Limón Común,NEIVA,-68.68705100050693,6.0,1.0,1.0
Limón Común,PASTO,21.13426805523227,0.0,1.0,1.0
Limón Común,PEREIRA,538.3619014332176,6.0,1.0,0.0
Limón Común,SAN JOSÉ DE CÚCUTA,-59.99402732412136,5.0,1.0,0.0
Limón Común,SANTA MARTA,131.4551351496766,1.0,0.0,0.0
Limón Común,SINCELEJO,-40.39514036619721,2.0,0.0,1.0
Limón Común,TUNJA,401.3961780594682,7.0,0.0,0.0
Limón Común,VALLEDUPAR,42.97101293093965,1.0,0.0,2.0
Limón Común,VILLAVICENCIO,23.87524812215679,1.0,0.0,0.0
Limón Tahití,ARMENIA,-22.91997213348668,2.0,1.0,1.0
Limón Tahití,BARRANQUILLA,-146.9447981024955,1.0,0.0,3.0
Limón Tahití,"BOGOTÁ, D.C.",0.41869874161011467,2.0,0.0,0.0
Limón Tahití,BUCARAMANGA,-14.045702387610618,2.0,0.0,1.0
Limón Tahití,CALI,-22.085239931167507,1.0,0.0,0.0
Limón Tahití,CARTAGENA DE INDIAS,-199.95045376454163,3.0,0.0,1.0
Limón Tahití,CÚCUTA,0.0,0.0,1.0,0.0
Limón Tahití,IBAGUÉ,-36.1595779641184,1.0,0.0,0.0
Limón Tahití,MANIZALES,-7.067936644519477,1.0,0.0,0.0
Limón Tahití,MEDELLÍN,3.430570816022737,3.0,1.0,0.0
Limón Tahití,NEIVA,42.16928137013906,3.0,0.0,0.0
Limón Tahití,PASTO,12.466343452522779,2.0,0.0,0.0
Limón Tahití,PEREIRA,-6.029818240222994,5.0,1.0,1.0
Limón Tahití,SAN JOSÉ DE CÚCUTA,0.0,0.0,1.0,0.0
Limón Tahití,SINCELEJO,40.04402517688345,1.0,0.0,2.0
Limón Tahití,TUNJA,7.576374856760594,2.0,0.0,1.0
Limón Tahití,VILLAVICENCIO,19.954095580321336,2.0,0.0,0.0
Lulo,ARMENIA,-14.269910953450562,1.0,1.0,2.0
Lulo,BARRANQUILLA,0.0,0.0,1.0,0.0
Lulo,"BOGOTÁ, D.C.",11.809594483451292,4.0,1.0,0.0
Lulo,BUCARAMANGA,0.0,0.0,1.0,0.0
Lulo,CALI,45.32224467311062,6.0,1.0,0.0
Lulo,CARTAGENA DE INDIAS,19.204261529325777,0.0,1.0,1.0
Lulo,CÚCUTA,-177.90752562162652,2.0,1.0,2.0
Lulo,IBAGUÉ,182.00314764452833,0.0,1.0,1.0
Lulo,MANIZALES,-116.69925854411758,4.0,1.0,0.0
Lulo,MEDELLÍN,24.24183572677748,0.0,1.0,1.0
Lulo,MONTERÍA,234.67350895741856,3.0,1.0,0.0
Lulo,NEIVA,-50.21841708289867,0.0,1.0,1.0
Lulo,PASTO,16.41821474755352,0.0,1.0,1.0
Lulo,PEREIRA,-192.9819195250002,5.0,1.0,0.0
Lulo,POPAYÁN,-110.01703103865566,0.0,1.0,1.0
Lulo,SAN JOSÉ DE CÚCUTA,-88.50152173261722,4.0,1.0,1.0
Lulo,SANTA MARTA,23.888880868929846,7.0,1.0,0.0
Lulo,SINCELEJO,0.0,0.0,1.0,0.0
Lulo,TUNJA,0.0,0.0,1.0,0.0
Lulo,VALLEDUPAR,-11.680728123633344,0.0,1.0,1.0
Lulo,VILLAVICENCIO,23.322108599813873,0.0,1.0,1.0
Mandarina*,ARMENIA,-59.08704539172322,0.0,1.0,1.0
Mandarina*,BARRANQUILLA,0.0,0.0,1.0,0.0
Mandarina*,"BOGOTÁ, D.C.",7.542371731055027,9.0,1.0,1.0
Mandarina*,BUCARAMANGA,0.0,0.0,1.0,0.0
Mandarina*,CALI,-183.21230278003532,3.0,1.0,1.0
Mandarina*,CARTAGENA DE INDIAS,11.601704356566188,3.0,1.0,2.0
Mandarina*,CÚCUTA,0.0,0.0,1.0,0.0
Mandarina*,IBAGUÉ,0.0,0.0,1.0,0.0
Mandarina*,MANIZALES,-14.48873327247702,0.0,1.0,1.0
Mandarina*,MEDELLÍN,80.68691492913331,1.0,1.0,1.0
Mandarina*,MONTERÍA,-142.3676593042369,0.0,1.0,1.0
Mandarina*,PEREIRA,-235.6664717362296,6.0,1.0,0.0
Mandarina*,POPAYÁN,-4.414498927411387,1.0,1.0,0.0
Mandarina*,SAN JOSÉ DE CÚCUTA,-39.36065755184427,1.0,0.0,0.0
Mandarina*,SANTA MARTA,0.0,0.0,1.0,0.0
Mandarina*,SINCELEJO,0.0,0.0,1.0,0.0
Mandarina*,TUNJA,-17.772795521841545,5.0,1.0,0.0
Mandarina*,VALLEDUPAR,0.0,0.0,1.0,0.0
Mandarina*,VILLAVICENCIO,-64.18771200633,4.0,1.0,0.0
Mango tommy,ARMENIA,-28.1323026254463,2.0,0.0,0.0
Mango tommy,BARRANQUILLA,-18.45785197488658,1.0,1.0,1.0
Mango tommy,"BOGOTÁ, D.C.",-19.994618186526168,2.0,0.0,2.0
Mango tommy,BUCARAMANGA,12.89457377620056,4.0,0.0,2.0
Mango tommy,CALI,152.2665972173486,8.0,0.0,2.0
Mango tommy,CARTAGENA DE INDIAS,-117.2050312659926,1.0,0.0,0.0
Mango tommy,CÚCUTA,0.0,0.0,1.0,0.0
Mango tommy,IBAGUÉ,-330.7478902290309,1.0,0.0,0.0
Mango tommy,MANIZALES,102.37022783630528,7.0,0.0,0.0
Mango tommy,MEDELLÍN,13.807645184027933,3.0,0.0,2.0
Mango tommy,MONTERÍA,243.11648603569347,1.0,0.0,0.0
Mango tommy,NEIVA,94.73619014027145,4.0,0.0,0.0
Mango tommy,PASTO,30.77607477280162,4.0,0.0,2.0
Mango tommy,PEREIRA,-87.27785116823043,5.0,1.0,0.0
Mango tommy,POPAYÁN,-67.14098342094394,5.0,0.0,0.0
Mango tommy,SAN JOSÉ DE CÚCUTA,-17.548549715194895,2.0,0.0,2.0
Mango tommy,TUNJA,78.86394913622917,5.0,0.0,0.0
Mango tommy,VILLAVICENCIO,93.11408558549692,6.0,0.0,0.0
Maracuyá,ARMENIA,0.0,1.0,1.0,0.0
Maracuyá,BARRANQUILLA,0.0,0.0,1.0,0.0
Maracuyá,"BOGOTÁ, D.C.",35.6211264447179,4.0,1.0,1.0
Maracuyá,BUCARAMANGA,0.0,0.0,1.0,0.0
Maracuyá,CALI,-18.2720356090922,6.0,1.0,0.0
Maracuyá,CÚCUTA,36.729661535155174,1.0,1.0,0.0
Maracuyá,IBAGUÉ,0.0,0.0,1.0,0.0
Maracuyá,MANIZALES,52.77792381823201,1.0,1.0,1.0
Maracuyá,MEDELLÍN,-16.05044030011095,6.0,1.0,0.0
Maracuyá,MONTERÍA,20.60941040808075,4.0,1.0,0.0
Maracuyá,PASTO,10.179172138420654,5.0,1.0,0.0
Maracuyá,PEREIRA,-477.3302977588655,5.0,1.0,0.0
Maracuyá,POPAYÁN,0.0,0.0,1.0,0.0
Maracuyá,SAN JOSÉ DE CÚCUTA,-23.33064000678769,3.0,0.0,0.0
Maracuyá,SANTA MARTA,-204.25739523848733,3.0,1.0,1.0
Maracuyá,TUNJA,-161.04205298037505,2.0,1.0,1.0
Maracuyá,VILLAVICENCIO,0.0,0.0,1.0,0.0
Mora de Castilla,ARMENIA,-14.110247687697665,1.0,1.0,2.0
Mora de Castilla,BARRANQUILLA,-13.753298378640466,4.0,1.0,0.0
Mora de Castilla,"BOGOTÁ, D.C.",94.85749387596206,6.0,1.0,1.0
Mora de Castilla,BUCARAMANGA,0.0,0.0,1.0,0.0
Mora de Castilla,CALI,112.93412424856797,6.0,1.0,0.0
Mora de Castilla,CARTAGENA DE INDIAS,0.0,0.0,1.0,0.0
Mora de Castilla,CÚCUTA,0.0,0.0,1.0,0.0
Mora de Castilla,IBAGUÉ,-7.702905383328471,1.0,1.0,0.0
Mora de Castilla,MANIZALES,0.0,4.0,1.0,0.0
Mora de Castilla,MEDELLÍN,-60.2277487776405,4.0,1.0,1.0
Mora de Castilla,MONTERÍA,-75.9995110561531,2.0,1.0,2.0
Mora de Castilla,NEIVA,308.8569715679823,1.0,1.0,1.0
Mora de Castilla,PASTO,26.253099500093867,2.0,1.0,0.0
Mora de Castilla,PEREIRA,-39.72048659650409,8.0,1.0,0.0
Mora de Castilla,POPAYÁN,0.0,0.0,1.0,0.0
Mora de Castilla,SAN JOSÉ DE CÚCUTA,45.19485326804306,1.0,0.0,0.0
Mora de Castilla,SANTA MARTA,91.0709017947529,4.0,1.0,0.0
Mora de Castilla,SINCELEJO,-26.394287396285108,4.0,1.0,3.0
Mora de Castilla,TUNJA,44.09174503700888,0.0,1.0,1.0
Mora de Castilla,VALLEDUPAR,45.71266907821246,0.0,1.0,1.0
Mora de Castilla,VILLAVICENCIO,-190.50075495106557,5.0,1.0,0.0
Naranja*,BARRANQUILLA,0.0,0.0,1.0,0.0
Naranja*,"BOGOTÁ, D.C.",2.0262977230170236,1.0,1.0,0.0
Naranja*,BUCARAMANGA,-0.6398830903233375,5.0,1.0,0.0
Naranja*,CARTAGENA DE INDIAS,-41.961084263451085,1.0,0.0,0.0
Naranja*,CÚCUTA,-1.1053364946253623,1.0,1.0,1.0
Naranja*,MANIZALES,-0.13220495496216245,0.0,1.0,1.0
Naranja*,MEDELLÍN,11.62581496873463,0.0,1.0,1.0
Naranja*,MONTERÍA,19.24960682263918,4.0,1.0,2.0
Naranja*,PASTO,0.0,0.0,1.0,0.0
Naranja*,PEREIRA,-104.14111204092137,4.0,1.0,0.0
Naranja*,SAN JOSÉ DE CÚCUTA,-7.968909053144671,1.0,0.0,0.0
Naranja*,SANTA MARTA,24.568340520655738,1.0,0.0,1.0
Naranja*,SINCELEJO,0.0,0.0,1.0,0.0
Naranja*,TUNJA,0.0,0.0,1.0,0.0
Naranja*,VALLEDUPAR,-2.4468191147698235,1.0,1.0,0.0
Naranja*,VILLAVICENCIO,-1.4549208768441986,1.0,1.0,2.0
Papa criolla,ARMENIA,-21.811179431996607,3.0,1.0,1.0
Papa criolla,BARRANQUILLA,-98.39584973553838,5.0,1.0,0.0
Papa criolla,"BOGOTÁ, D.C.",6.18141001280992,6.0,1.0,4.0
Papa criolla,BUCARAMANGA,114.57396845358517,1.0,1.0,1.0
Papa criolla,CALI,24.462479836132616,2.0,1.0,2.0
Papa criolla,CARTAGENA DE INDIAS,0.0,0.0,1.0,0.0
Papa criolla,CÚCUTA,110.33428034918961,1.0,1.0,1.0
Papa criolla,IBAGUÉ,15.8403332953867,1.0,1.0,2.0
Papa criolla,MANIZALES,70.21357885044836,2.0,1.0,0.0
Papa criolla,MEDELLÍN,-64.96641424071868,5.0,1.0,3.0
Papa criolla,MONTERÍA,36.6540749906635,1.0,1.0,1.0
Papa criolla,PASTO,-3.0564519294763386,3.0,1.0,0.0
Papa criolla,PEREIRA,-13.226792315830608,0.0,1.0,1.0
Papa criolla,POPAYÁN,-19.595511641352232,0.0,1.0,1.0
Papa criolla,SAN JOSÉ DE CÚCUTA,172.4123399868231,3.0,1.0,1.0
Papa criolla,SINCELEJO,17.309405594688542,3.0,1.0,0.0
Papa criolla,TUNJA,192.64983250347677,4.0,1.0,1.0
Papa criolla,VALLEDUPAR,138.12236183512505,3.0,1.0,0.0
Papa criolla,VILLAVICENCIO,301.66327447402455,3.0,1.0,1.0
Papa negra*,ARMENIA,0.0,0.0,1.0,0.0
Papa negra*,BARRANQUILLA,-5.315690395377487,4.0,1.0,0.0
Papa negra*,"BOGOTÁ, D.C.",10.367774722297327,5.0,1.0,0.0
Papa negra*,BUCARAMANGA,0.0,0.0,1.0,0.0
Papa negra*,CALI,-21.508516205810338,4.0,1.0,1.0
Papa negra*,CARTAGENA DE INDIAS,0.0,0.0,1.0,0.0
Papa negra*,CÚCUTA,-93.10781434071532,1.0,0.0,0.0
Papa negra*,IBAGUÉ,102.93289253395665,5.0,0.0,1.0
Papa negra*,MANIZALES,0.0,0.0,1.0,0.0
Papa negra*,MEDELLÍN,29.446124505216176,2.0,1.0,1.0
Papa negra*,MONTERÍA,59.74865799484087,1.0,1.0,1.0
Papa negra*,PASTO,0.0,0.0,1.0,0.0
Papa negra*,PEREIRA,-3.0378134397221856,2.0,1.0,0.0
Papa negra*,POPAYÁN,232.62198262521542,6.0,1.0,2.0
Papa negra*,SANTA MARTA,,,,
Papa negra*,SINCELEJO,19.500980752584837,5.0,1.0,0.0
Papa negra*,TUNJA,0.0,0.0,1.0,0.0
Papa negra*,VALLEDUPAR,-5.97642108486184,3.0,1.0,0.0
Papa negra*,VILLAVICENCIO,42.39157826586552,5.0,1.0,0.0
Papaya maradol,ARMENIA,0.0,3.0,1.0,0.0
Papaya maradol,"BOGOTÁ, D.C.",25.549422121812995,7.0,1.0,0.0
Papaya maradol,BUCARAMANGA,-1.3751862310327851,5.0,1.0,0.0
Papaya maradol,CALI,106.56709877289677,4.0,1.0,0.0
Papaya maradol,CÚCUTA,0.0,0.0,1.0,0.0
Papaya maradol,IBAGUÉ,0.0,0.0,1.0,0.0
Papaya maradol,MANIZALES,0.0,0.0,1.0,0.0
Papaya maradol,MEDELLÍN,2.832836722297543,0.0,1.0,1.0
Papaya maradol,NEIVA,0.0,0.0,1.0,0.0
Papaya maradol,PASTO,-12.936586220771005,4.0,1.0,0.0
Papaya maradol,PEREIRA,52.72591314701185,6.0,1.0,0.0
Papaya maradol,POPAYÁN,0.0,0.0,1.0,0.0
Papaya maradol,SAN JOSÉ DE CÚCUTA,0.0,0.0,1.0,0.0
Papaya maradol,TUNJA,0.0,0.0,1.0,0.0
Papaya maradol,VALLEDUPAR,-20.06772974101375,2.0,0.0,2.0
Papaya maradol,VILLAVICENCIO,-5.460816383540305,5.0,1.0,0.0
Pepino cohombro,ARMENIA,32.35602129077506,5.0,1.0,0.0
Pepino cohombro,BARRANQUILLA,5.135759691770545,3.0,1.0,0.0
Pepino cohombro,"BOGOTÁ, D.C.",0.0,0.0,1.0,0.0
Pepino cohombro,BUCARAMANGA,0.0,0.0,1.0,0.0
Pepino cohombro,CALI,-40.33588254274355,4.0,1.0,0.0
Pepino cohombro,CARTAGENA DE INDIAS,0.0,0.0,1.0,0.0
Pepino cohombro,CÚCUTA,18.117497016029574,1.0,0.0,0.0
Pepino cohombro,IBAGUÉ,106.64457271242054,2.0,1.0,1.0
Pepino cohombro,MANIZALES,-40.52074449170527,3.0,1.0,4.0
Pepino cohombro,MEDELLÍN,6.767692316952889,1.0,1.0,1.0
Pepino cohombro,MONTERÍA,65.28823988616227,2.0,1.0,0.0
Pepino cohombro,NEIVA,49.13635237701169,3.0,1.0,2.0
Pepino cohombro,PASTO,10.00310130648677,1.0,0.0,0.0
Pepino cohombro,PEREIRA,-67.37749686768461,5.0,1.0,0.0
Pepino cohombro,POPAYÁN,-6.516580641452265,3.0,0.0,2.0
Pepino cohombro,SAN JOSÉ DE CÚCUTA,71.07509130011067,1.0,0.0,0.0
Pepino cohombro,SANTA MARTA,-15.009901701626859,3.0,1.0,1.0
Pepino cohombro,SINCELEJO,117.94059072437972,2.0,1.0,0.0
Pepino cohombro,TUNJA,0.0,0.0,1.0,0.0
Pepino cohombro,VALLEDUPAR,0.0,0.0,1.0,0.0
Pepino cohombro,VILLAVICENCIO,13.962560626006507,1.0,1.0,0.0
Pimentón,ARMENIA,131.1856700555677,1.0,1.0,2.0
Pimentón,BARRANQUILLA,62.074848187256976,3.0,1.0,1.0
Pimentón,"BOGOTÁ, D.C.",0.0,0.0,1.0,0.0
Pimentón,BUCARAMANGA,189.6174736980397,5.0,1.0,0.0
Pimentón,CALI,-145.52489225247564,5.0,1.0,1.0
Pimentón,CARTAGENA DE INDIAS,0.0,0.0,1.0,0.0
Pimentón,CÚCUTA,-32.468210401561464,2.0,1.0,2.0
Pimentón,IBAGUÉ,108.94061466816038,3.0,1.0,1.0
Pimentón,MANIZALES,0.0,0.0,1.0,0.0
Pimentón,MEDELLÍN,0.0,0.0,1.0,0.0
Pimentón,MONTERÍA,-51.148788632620835,2.0,1.0,2.0
Pimentón,NEIVA,30.73458766399108,5.0,1.0,0.0
Pimentón,PASTO,-33.968037544383606,5.0,1.0,0.0
Pimentón,PEREIRA,-163.94807902482762,7.0,1.0,1.0
Pimentón,POPAYÁN,-44.90470080510522,1.0,0.0,1.0
Pimentón,SAN JOSÉ DE CÚCUTA,184.76826158890162,1.0,0.0,0.0
Pimentón,SANTA MARTA,13.707191343069098,7.0,1.0,0.0
Pimentón,SINCELEJO,-96.81598365762784,2.0,0.0,1.0
Pimentón,TUNJA,0.0,0.0,1.0,0.0
Pimentón,VALLEDUPAR,0.0,0.0,1.0,0.0
Pimentón,VILLAVICENCIO,-58.89501939070169,0.0,1.0,1.0
Piña *,ARMENIA,-2.9102211610725135,3.0,1.0,2.0
Piña *,BARRANQUILLA,0.0,0.0,1.0,0.0
Piña *,"BOGOTÁ, D.C.",-4.500641445402607,2.0,1.0,1.0
Piña *,BUCARAMANGA,0.0,0.0,1.0,0.0
Piña *,CALI,-131.48845831943254,5.0,1.0,0.0
Piña *,CARTAGENA DE INDIAS,10.09586785227475,1.0,0.0,1.0
Piña *,CÚCUTA,-16.083200631889667,4.0,1.0,0.0
Piña *,IBAGUÉ,13.864449381650957,4.0,1.0,0.0
Piña *,MANIZALES,0.0,0.0,1.0,0.0
Piña *,MEDELLÍN,-13.3677629186177,5.0,1.0,1.0
Piña *,MONTERÍA,0.0,0.0,1.0,0.0
Piña *,NEIVA,0.0,0.0,1.0,0.0
Piña *,PASTO,6.764492753623017,0.0,1.0,0.0
Piña *,PEREIRA,-144.0285712718637,5.0,1.0,2.0
Piña *,POPAYÁN,0.0,0.0,1.0,0.0
Piña *,SAN JOSÉ DE CÚCUTA,0.0,2.0,1.0,0.0
Piña *,SANTA MARTA,-9.578962774786305,5.0,0.0,0.0
Piña *,SINCELEJO,0.0,0.0,1.0,0.0
Piña *,TUNJA,95.80167089709767,4.0,1.0,1.0
Piña *,VALLEDUPAR,-37.24563149346841,4.0,1.0,2.0
Plátano guineo,"BOGOTÁ, D.C.",17.48944298571132,3.0,1.0,1.0
Plátano guineo,MEDELLÍN,17.27939892169252,6.0,1.0,0.0
Plátano guineo,NEIVA,59.09011438440302,3.0,1.0,1.0
Plátano guineo,VILLAVICENCIO,37.74378302843115,0.0,1.0,1.0
Plátano hartón verde,ARMENIA,0.0,0.0,1.0,0.0
Plátano hartón verde,BARRANQUILLA,-24.90203151607102,4.0,1.0,0.0
Plátano hartón verde,"BOGOTÁ, D.C.",2.5741757398054688,0.0,1.0,1.0
Plátano hartón verde,BUCARAMANGA,64.11714710801971,4.0,1.0,0.0
Plátano hartón verde,CALI,-15.938903410358762,6.0,1.0,1.0
Plátano hartón verde,CARTAGENA DE INDIAS,50.838883969753624,0.0,1.0,1.0
Plátano hartón verde,CÚCUTA,-5.240470790779909,3.0,1.0,0.0
Plátano hartón verde,IBAGUÉ,66.22324716520552,1.0,1.0,0.0
Plátano hartón verde,MEDELLÍN,-25.514803053784135,4.0,1.0,0.0
Plátano hartón verde,MONTERÍA,45.80214556733415,4.0,1.0,0.0
Plátano hartón verde,NEIVA,-17.782916101583396,1.0,1.0,0.0
Plátano hartón verde,PASTO,0.0,0.0,1.0,0.0
Plátano hartón verde,PEREIRA,61.92892185663436,6.0,1.0,1.0
Plátano hartón verde,POPAYÁN,0.0,0.0,1.0,0.0
Plátano hartón verde,SAN JOSÉ DE CÚCUTA,43.929154763199676,2.0,1.0,1.0
Plátano hartón verde,SANTA MARTA,2.3964480686076968,4.0,1.0,0.0
Plátano hartón verde,SINCELEJO,17.60625106662451,0.0,1.0,1.0
Plátano hartón verde,TUNJA,-41.97141861524847,3.0,1.0,1.0
Plátano hartón verde,VALLEDUPAR,37.68481903061161,0.0,1.0,1.0
Plátano hartón verde,VILLAVICENCIO,0.0,0.0,1.0,0.0
Remolacha,ARMENIA,-31.469327087081638,1.0,1.0,0.0
Remolacha,BARRANQUILLA,0.0,0.0,1.0,0.0
Remolacha,"BOGOTÁ, D.C.",9.575160819726307,3.0,1.0,2.0
Remolacha,BUCARAMANGA,-7.847427104863982,2.0,1.0,0.0
Remolacha,CALI,-46.965341167096994,5.0,1.0,0.0
Remolacha,CARTAGENA DE INDIAS,-27.07803371187083,1.0,1.0,0.0
Remolacha,CÚCUTA,0.0,0.0,1.0,0.0
Remolacha,IBAGUÉ,25.200184258921126,2.0,0.0,0.0
Remolacha,MANIZALES,0.0,0.0,1.0,0.0
Remolacha,MEDELLÍN,-4.662796970926138,1.0,1.0,0.0
Remolacha,MONTERÍA,21.628112724977427,0.0,1.0,2.0
Remolacha,NEIVA,15.57014034398776,3.0,1.0,0.0
Remolacha,PEREIRA,4.301944530302762,1.0,1.0,1.0
Remolacha,SAN JOSÉ DE CÚCUTA,0.0,0.0,1.0,0.0
Remolacha,SANTA MARTA,-5.147839267116751,4.0,1.0,0.0
Remolacha,SINCELEJO,4.981073573328558,0.0,1.0,1.0
Remolacha,TUNJA,0.0,0.0,1.0,0.0
Remolacha,VALLEDUPAR,-20.009111733735836,5.0,1.0,0.0
Remolacha,VILLAVICENCIO,23.586097460338806,1.0,1.0,1.0
Tomate de árbol,ARMENIA,60.05326980284826,5.0,1.0,0.0
Tomate de árbol,BARRANQUILLA,0.0,0.0,1.0,0.0
Tomate de árbol,"BOGOTÁ, D.C.",-10.45375083697877,5.0,1.0,1.0
Tomate de árbol,BUCARAMANGA,0.0,0.0,1.0,0.0
Tomate de árbol,CALI,-80.77687102553728,5.0,1.0,0.0
Tomate de árbol,CARTAGENA DE INDIAS,-2.6852731438107185,3.0,0.0,0.0
Tomate de árbol,CÚCUTA,-18.452939670892647,0.0,1.0,1.0
Tomate de árbol,IBAGUÉ,30.06511582477401,1.0,0.0,1.0
Tomate de árbol,MANIZALES,0.0,0.0,1.0,0.0
Tomate de árbol,MEDELLÍN,3.2431401696871944,0.0,1.0,1.0
Tomate de árbol,MONTERÍA,-31.310202829541595,5.0,1.0,0.0
Tomate de árbol,NEIVA,-70.32298859080083,5.0,1.0,2.0
Tomate de árbol,PASTO,13.218829542361163,4.0,1.0,0.0
Tomate de árbol,PEREIRA,23.806517440722473,6.0,1.0,0.0
Tomate de árbol,POPAYÁN,0.0,0.0,1.0,0.0
Tomate de árbol,SAN JOSÉ DE CÚCUTA,0.0,0.0,1.0,0.0
Tomate de árbol,SANTA MARTA,0.0,1.0,1.0,0.0
Tomate de árbol,SINCELEJO,-56.941271242038965,5.0,1.0,2.0
Tomate de árbol,TUNJA,0.0,0.0,1.0,0.0
Tomate de árbol,VALLEDUPAR,109.68466498071211,4.0,1.0,1.0
Tomate de árbol,VILLAVICENCIO,-16.415687845849334,3.0,1.0,1.0
Tomate*,ARMENIA,-56.52038986719435,2.0,1.0,1.0
Tomate*,BARRANQUILLA,237.95216248563202,5.0,1.0,1.0
Tomate*,"BOGOTÁ, D.C.",148.2925730426541,7.0,1.0,1.0
Tomate*,BUCARAMANGA,-153.5917348581679,3.0,1.0,3.0
Tomate*,CALI,-230.33597731765985,3.0,1.0,3.0
Tomate*,CARTAGENA DE INDIAS,0.0,0.0,1.0,0.0
Tomate*,CÚCUTA,23.67507916387558,0.0,1.0,1.0
Tomate*,IBAGUÉ,302.13664581283047,7.0,1.0,1.0
Tomate*,MANIZALES,-19.16373971592111,7.0,1.0,1.0
Tomate*,MEDELLÍN,150.02177325543744,6.0,1.0,1.0
Tomate*,MONTERÍA,303.55193122671153,8.0,1.0,0.0
Tomate*,NEIVA,270.56916615426053,7.0,1.0,1.0
Tomate*,PASTO,26.84459834654217,5.0,1.0,1.0
Tomate*,PEREIRA,112.53131290933652,8.0,1.0,0.0
Tomate*,POPAYÁN,5.34591629669103,3.0,1.0,0.0
Tomate*,SAN JOSÉ DE CÚCUTA,-22.764116213170382,3.0,0.0,2.0
Tomate*,SINCELEJO,239.68056440289956,2.0,1.0,1.0
Tomate*,TUNJA,2.2737367544323206e-13,0.0,1.0,0.0
Tomate*,VALLEDUPAR,141.45560552972165,3.0,1.0,1.0
Tomate*,VILLAVICENCIO,0.0,0.0,1.0,0.0
Yuca*,ARMENIA,0.0,0.0,1.0,0.0
Yuca*,BARRANQUILLA,4.208042858418821,1.0,1.0,0.0
Yuca*,"BOGOTÁ, D.C.",14.735993138530603,3.0,1.0,1.0
Yuca*,BUCARAMANGA,22.023063732875926,5.0,1.0,2.0
Yuca*,CARTAGENA DE INDIAS,8.296828406549025,3.0,1.0,0.0
Yuca*,CÚCUTA,-9.789567897047618,0.0,1.0,1.0
Yuca*,MANIZALES,2.020012562056536,0.0,1.0,1.0
Yuca*,MEDELLÍN,-0.6866688579887068,5.0,1.0,0.0
Yuca*,MONTERÍA,39.52401645132568,3.0,1.0,0.0
Yuca*,PEREIRA,-22.130700957381805,1.0,1.0,0.0
Yuca*,SAN JOSÉ DE CÚCUTA,-15.104280955265494,1.0,1.0,1.0
Yuca*,SANTA MARTA,0.0,0.0,1.0,0.0
Yuca*,SINCELEJO,-10.490763193465,6.0,1.0,1.0
Yuca*,VALLEDUPAR,-4.653239447036867,6.0,1.0,5.0
Yuca*,VILLAVICENCIO,9.908335824807637,5.0,1.0,0.0
Zanahoria,ARMENIA,-126.9278639418053,5.0,1.0,0.0
Zanahoria,BARRANQUILLA,52.39354865319797,5.0,1.0,0.0
Zanahoria,"BOGOTÁ, D.C.",68.73040382223144,7.0,1.0,1.0
Zanahoria,BUCARAMANGA,15.251723567546605,0.0,1.0,1.0
Zanahoria,CALI,-373.9853797910205,5.0,1.0,0.0
Zanahoria,CARTAGENA DE INDIAS,171.4536574666256,4.0,1.0,2.0
Zanahoria,CÚCUTA,-16.91336939276698,4.0,1.0,0.0
Zanahoria,IBAGUÉ,-126.43781570687679,3.0,1.0,0.0
Zanahoria,MANIZALES,-139.57447839128963,2.0,1.0,0.0
Zanahoria,MEDELLÍN,-3.151551586305345,2.0,1.0,2.0
Zanahoria,MONTERÍA,111.27098753630389,3.0,1.0,0.0
Zanahoria,NEIVA,-78.36701558212644,0.0,1.0,1.0
Zanahoria,PASTO,-121.90460494007061,3.0,0.0,4.0
Zanahoria,POPAYÁN,23.1236256300881,2.0,0.0,0.0
Zanahoria,SAN JOSÉ DE CÚCUTA,170.65694860951044,1.0,1.0,2.0
Zanahoria,SANTA MARTA,70.71148143579785,8.0,1.0,1.0
Zanahoria,SINCELEJO,138.90190688143343,3.0,1.0,2.0
Zanahoria,TUNJA,0.0,0.0,1.0,0.0
Zanahoria,VALLEDUPAR,64.16545761370958,6.0,1.0,0.0
Zanahoria,VILLAVICENCIO,270.7378819015389,3.0,1.0,0.0
