DEPT_ID,MUNI_ID,ENAB_PROCEDENCIA,V6
68,1,SANTANDER,BUCARAMANGA
11,1,"BOGOTÁ, D. C.","BOGOTÁ, D.C."
15,1,BOYACÁ,TUNJA
8,560,ATLÁNTICO,PONEDERA
47,189,MAGDALENA,CIÉNAGA
25,35,CUNDINAMARCA,ANAPOIMA
5,686,ANTIOQUIA,SANTA ROSA DE OSOS
23,1,CÓRDOBA,MONTERÍA
54,498,NORTE DE SANTANDER,OCAÑA
47,745,MAGDALENA,SITIONUEVO
25,473,CUNDINAMARCA,MOSQUERA
25,214,CUNDINAMARCA,COTA
25,799,CUNDINAMARCA,TENJO
25,845,CUNDINAMARCA,UNE
25,181,CUNDINAMARCA,CHOACHÍ
25,178,CUNDINAMARCA,CHIPAQUE
25,269,CUNDINAMARCA,FACATATIVÁ
25,740,CUNDINAMARCA,SIBATÉ
15,47,BOYACÁ,AQUITANIA
25,151,CUNDINAMARCA,CÁQUEZA
25,286,CUNDINAMARCA,FUNZA
25,99,CUNDINAMARCA,BOJACÁ
76,400,VALLE DEL CAUCA,LA UNIÓN
25,430,CUNDINAMARCA,MADRID
50,251,META,EL CASTILLO
50,313,META,GRANADA
50,400,META,LEJANÍAS
50,573,META,PUERTO LÓPEZ
68,406,SANTANDER,LEBRIJA
41,396,HUILA,LA PLATA
25,260,CUNDINAMARCA,EL ROSAL
25,743,CUNDINAMARCA,SILVANIA
n.a.,n.a.,OTRO,ECUADOR
25,513,CUNDINAMARCA,PACHO
73,268,TOLIMA,ESPINAL
25,245,CUNDINAMARCA,EL COLEGIO
25,281,CUNDINAMARCA,FOSCA
25,898,CUNDINAMARCA,ZIPACÓN
25,312,CUNDINAMARCA,GRANADA
25,754,CUNDINAMARCA,SOACHA
52,356,NARIÑO,IPIALES
25,594,CUNDINAMARCA,QUETAME
25,535,CUNDINAMARCA,PASCA
25,899,CUNDINAMARCA,ZIPAQUIRÁ
15,176,BOYACÁ,CHIQUINQUIRÁ
68,307,SANTANDER,GIRÓN
68,547,SANTANDER,PIEDECUESTA
41,78,HUILA,BARAYA
81,1,ARAUCA,ARAUCA
54,743,NORTE DE SANTANDER,SILOS
63,594,QUINDÍO,QUIMBAYA
63,470,QUINDÍO,MONTENEGRO
63,401,QUINDÍO,LA TEBAIDA
76,736,VALLE DEL CAUCA,SEVILLA
76,20,VALLE DEL CAUCA,ALCALÁ
63,1,QUINDÍO,ARMENIA
63,130,QUINDÍO,CALARCÁ
63,212,QUINDÍO,CÓRDOBA
76,122,VALLE DEL CAUCA,CAICEDONIA
63,111,QUINDÍO,BUENAVISTA
63,690,QUINDÍO,SALENTO
66,1,RISARALDA,PEREIRA
63,302,QUINDÍO,GÉNOVA
76,520,VALLE DEL CAUCA,PALMIRA
76,670,VALLE DEL CAUCA,SAN PEDRO
17,1,CALDAS,MANIZALES
76,147,VALLE DEL CAUCA,CARTAGO
76,318,VALLE DEL CAUCA,GUACARÍ
76,1,VALLE DEL CAUCA,CALI
52,838,NARIÑO,TÚQUERRES
76,250,VALLE DEL CAUCA,EL DOVIO
5,659,ANTIOQUIA,SAN JUAN DE URABÁ
70,235,SUCRE,GALERAS
5,45,ANTIOQUIA,APARTADÓ
5,837,ANTIOQUIA,TURBO
50,689,META,SAN MARTÍN
47,980,MAGDALENA,ZONA BANANERA
23,807,CÓRDOBA,TIERRALTA
23,417,CÓRDOBA,LORICA
23,500,CÓRDOBA,MOÑITOS
8,1,ATLÁNTICO,BARRANQUILLA
13,1,BOLÍVAR,CARTAGENA DE INDIAS
41,1,HUILA,NEIVA
20,1,CESAR,VALLEDUPAR
73,1,TOLIMA,IBAGUÉ
8,573,ATLÁNTICO,PUERTO COLOMBIA
8,78,ATLÁNTICO,BARANOA
23,855,CÓRDOBA,VALENCIA
25,290,CUNDINAMARCA,FUSAGASUGÁ
25,279,CUNDINAMARCA,FÓMEQUE
25,841,CUNDINAMARCA,UBAQUE
25,126,CUNDINAMARCA,CAJICÁ
25,53,CUNDINAMARCA,ARBELÁEZ
25,40,CUNDINAMARCA,ANOLAIMA
25,769,CUNDINAMARCA,SUBACHOQUE
15,759,BOYACÁ,SOGAMOSO
15,696,BOYACÁ,SANTA SOFÍA
15,407,BOYACÁ,VILLA DE LEYVA
15,638,BOYACÁ,SÁCHICA
15,798,BOYACÁ,TENZA
15,238,BOYACÁ,DUITAMA
25,175,CUNDINAMARCA,CHÍA
15,599,BOYACÁ,RAMIRIQUÍ
15,367,BOYACÁ,JENESANO
25,426,CUNDINAMARCA,MACHETÁ
15,646,BOYACÁ,SAMACÁ
25,599,CUNDINAMARCA,APULO
25,873,CUNDINAMARCA,VILLAPINZÓN
15,814,BOYACÁ,TOCA
15,516,BOYACÁ,PAIPA
25,779,CUNDINAMARCA,SUSA
25,843,CUNDINAMARCA,VILLA DE SAN DIEGO DE UBATÉ
25,745,CUNDINAMARCA,SIMIJACA
15,776,BOYACÁ,SUTAMARCHÁN
25,183,CUNDINAMARCA,CHOCONTÁ
25,386,CUNDINAMARCA,LA MESA
25,815,CUNDINAMARCA,TOCAIMA
15,494,BOYACÁ,NUEVO COLÓN
68,755,SANTANDER,SOCORRO
41,551,HUILA,PITALITO
73,443,TOLIMA,SAN SEBASTIÁN DE MARIQUITA
73,319,TOLIMA,GUAMO
n.a.,n.a.,OTRO,PERÚ
85,440,CASANARE,VILLANUEVA
50,318,META,GUAMAL
15,835,BOYACÁ,TURMEQUÉ
25,322,CUNDINAMARCA,GUASCA
50,287,META,FUENTE DE ORO
73,411,TOLIMA,LÍBANO
50,6,META,ACACÍAS
50,577,META,PUERTO LLERAS
73,504,TOLIMA,ORTEGA
73,124,TOLIMA,CAJAMARCA
25,785,CUNDINAMARCA,TABIO
n.a.,n.a.,OTRO,ESPAÑA
41,20,HUILA,ALGECIRAS
25,817,CUNDINAMARCA,TOCANCIPÁ
50,711,META,VISTAHERMOSA
91,1,AMAZONAS,LETICIA
n.a.,n.a.,OTRO,VIETNAM
41,349,HUILA,HOBO
5,579,ANTIOQUIA,PUERTO BERRÍO
50,1,META,VILLAVICENCIO
47,245,MAGDALENA,EL BANCO
13,430,BOLÍVAR,MAGANGUÉ
n.a.,n.a.,OTRO,ARGENTINA
68,575,SANTANDER,PUERTO WILCHES
68,255,SANTANDER,EL PLAYÓN
81,736,ARAUCA,SARAVENA
68,190,SANTANDER,CIMITARRA
68,820,SANTANDER,TONA
54,174,NORTE DE SANTANDER,CHITAGÁ
68,162,SANTANDER,CERRITO
15,87,BOYACÁ,BELÉN
68,318,SANTANDER,GUACA
68,418,SANTANDER,LOS SANTOS
68,160,SANTANDER,CEPITÁ
68,615,SANTANDER,RIONEGRO
68,689,SANTANDER,SAN VICENTE DE CHUCURÍ
54,3,NORTE DE SANTANDER,ÁBREGO
15,51,BOYACÁ,ARCABUCO
5,1,ANTIOQUIA,MEDELLÍN
76,306,VALLE DEL CAUCA,GINEBRA
85,1,CASANARE,YOPAL
68,895,SANTANDER,ZAPATOCA
68,229,SANTANDER,CURITÍ
68,669,SANTANDER,SAN ANDRÉS
68,92,SANTANDER,BETULIA
68,679,SANTANDER,SAN GIL
68,444,SANTANDER,MATANZA
54,128,NORTE DE SANTANDER,CÁCHIRA
68,522,SANTANDER,PALMAR
68,432,SANTANDER,MÁLAGA
68,705,SANTANDER,SANTA BÁRBARA
54,480,NORTE DE SANTANDER,MUTISCUA
20,770,CESAR,SAN MARTÍN
76,892,VALLE DEL CAUCA,YUMBO
76,130,VALLE DEL CAUCA,CANDELARIA
76,233,VALLE DEL CAUCA,DAGUA
76,834,VALLE DEL CAUCA,TULUÁ
18,256,CAQUETÁ,EL PAUJÍL
76,616,VALLE DEL CAUCA,RIOFRÍO
19,532,CAUCA,PATÍA
76,111,VALLE DEL CAUCA,GUADALAJARA DE BUGA
76,248,VALLE DEL CAUCA,EL CERRITO
76,403,VALLE DEL CAUCA,LA VICTORIA
76,890,VALLE DEL CAUCA,YOTOCO
19,743,CAUCA,SILVIA
76,606,VALLE DEL CAUCA,RESTREPO
76,275,VALLE DEL CAUCA,FLORIDA
76,377,VALLE DEL CAUCA,LA CUMBRE
19,142,CAUCA,CALOTO
76,563,VALLE DEL CAUCA,PRADERA
19,513,CAUCA,PADILLA
52,1,NARIÑO,PASTO
19,137,CAUCA,CALDONO
76,126,VALLE DEL CAUCA,CALIMA
19,698,CAUCA,SANTANDER DE QUILICHAO
25,1,CUNDINAMARCA,AGUA DE DIOS
19,573,CAUCA,PUERTO TEJADA
66,88,RISARALDA,BELÉN DE UMBRÍA
17,42,CALDAS,ANSERMA
19,760,CAUCA,SOTARA
n.a.,n.a.,OTRO,CHILE
19,1,CAUCA,POPAYÁN
76,364,VALLE DEL CAUCA,JAMUNDÍ
68,207,SANTANDER,CONCEPCIÓN
54,1,NORTE DE SANTANDER,CÚCUTA
54,125,NORTE DE SANTANDER,CÁCOTA
54,720,NORTE DE SANTANDER,SARDINATA
54,599,NORTE DE SANTANDER,RAGONVALIA
54,261,NORTE DE SANTANDER,EL ZULIA
54,660,NORTE DE SANTANDER,SALAZAR
54,418,NORTE DE SANTANDER,LOURDES
54,810,NORTE DE SANTANDER,TIBÚ
54,520,NORTE DE SANTANDER,PAMPLONITA
54,518,NORTE DE SANTANDER,PAMPLONA
54,871,NORTE DE SANTANDER,VILLA CARO
54,820,NORTE DE SANTANDER,TOLEDO
54,874,NORTE DE SANTANDER,VILLA DEL ROSARIO
15,104,BOYACÁ,BOYACÁ
54,553,NORTE DE SANTANDER,PUERTO SANTANDER
54,51,NORTE DE SANTANDER,ARBOLEDAS
54,172,NORTE DE SANTANDER,CHINÁCOTA
5,697,ANTIOQUIA,EL SANTUARIO
5,440,ANTIOQUIA,MARINILLA
5,615,ANTIOQUIA,RIONEGRO
5,756,ANTIOQUIA,SONSÓN
5,674,ANTIOQUIA,SAN VICENTE FERRER
5,79,ANTIOQUIA,BARBOSA
5,541,ANTIOQUIA,PEÑOL
17,174,CALDAS,CHINCHINÁ
5,148,ANTIOQUIA,EL CARMEN DE VIBORAL
5,887,ANTIOQUIA,YARUMAL
5,376,ANTIOQUIA,LA CEJA
17,13,CALDAS,AGUADAS
66,594,RISARALDA,QUINCHÍA
66,682,RISARALDA,SANTA ROSA DE CABAL
5,36,ANTIOQUIA,ANGELÓPOLIS
5,679,ANTIOQUIA,SANTA BÁRBARA
5,282,ANTIOQUIA,FREDONIA
17,614,CALDAS,RIOSUCIO
5,400,ANTIOQUIA,LA UNIÓN
5,847,ANTIOQUIA,URRAO
17,88,CALDAS,BELALCÁZAR
5,234,ANTIOQUIA,DABEIBA
5,101,ANTIOQUIA,CIUDAD BOLÍVAR
5,664,ANTIOQUIA,SAN PEDRO DE LOS MILAGROS
5,172,ANTIOQUIA,CHIGORODÓ
5,206,ANTIOQUIA,CONCEPCIÓN
5,360,ANTIOQUIA,ITAGÜÍ
5,480,ANTIOQUIA,MUTATÁ
5,34,ANTIOQUIA,ANDES
17,524,CALDAS,PALESTINA
n.a.,n.a.,OTRO,ESTADOS UNIDOS
23,162,CÓRDOBA,CERETÉ
52,683,NARIÑO,SANDONÁ
5,190,ANTIOQUIA,CISNEROS
5,890,ANTIOQUIA,YOLOMBÓ
76,895,VALLE DEL CAUCA,ZARZAL
76,113,VALLE DEL CAUCA,BUGALAGRANDE
5,88,ANTIOQUIA,BELLO
5,266,ANTIOQUIA,ENVIGADO
5,411,ANTIOQUIA,LIBORINA
5,380,ANTIOQUIA,LA ESTRELLA
5,631,ANTIOQUIA,SABANETA
5,30,ANTIOQUIA,AMAGÁ
5,665,ANTIOQUIA,SAN PEDRO DE URABÁ
5,313,ANTIOQUIA,GRANADA
n.a.,n.a.,OTRO,VENEZUELA
76,36,VALLE DEL CAUCA,ANDALUCÍA
5,318,ANTIOQUIA,GUARNE
5,197,ANTIOQUIA,COCORNÁ
66,318,RISARALDA,GUÁTICA
66,440,RISARALDA,MARSELLA
66,687,RISARALDA,SANTUARIO
66,45,RISARALDA,APÍA
50,223,META,CUBARRAL
63,272,QUINDÍO,FILANDIA
25,649,CUNDINAMARCA,SAN BERNARDO
25,506,CUNDINAMARCA,VENECIA
25,758,CUNDINAMARCA,SOPÓ
73,352,TOLIMA,ICONONZO
25,524,CUNDINAMARCA,PANDI
15,299,BOYACÁ,GARAGOA
41,298,HUILA,GARZÓN
15,804,BOYACÁ,TIBANÁ
50,606,META,RESTREPO
73,168,TOLIMA,CHAPARRAL
25,326,CUNDINAMARCA,GUATAVITA
15,204,BOYACÁ,CÓMBITA
25,377,CUNDINAMARCA,LA CALERA
15,740,BOYACÁ,SIACHOQUE
41,770,HUILA,SUAZA
25,793,CUNDINAMARCA,TAUSA
68,324,SANTANDER,GUAVATÁ
5,59,ANTIOQUIA,ARMENIA
68,377,SANTANDER,LA BELLEZA
5,670,ANTIOQUIA,SAN ROQUE
68,152,SANTANDER,CARCASÍ
68,464,SANTANDER,MOGOTES
17,380,CALDAS,LA DORADA
19,845,CAUCA,VILLA RICA
18,1,CAQUETÁ,FLORENCIA
66,400,RISARALDA,LA VIRGINIA
17,877,CALDAS,VITERBO
52,399,NARIÑO,LA UNIÓN
54,99,NORTE DE SANTANDER,BOCHALEMA
68,147,SANTANDER,CAPITANEJO
54,239,NORTE DE SANTANDER,DURANIA
15,810,BOYACÁ,TIPACOQUE
54,405,NORTE DE SANTANDER,LOS PATIOS
54,223,NORTE DE SANTANDER,CUCUTILLA
54,109,NORTE DE SANTANDER,BUCARASICA
52,260,NARIÑO,EL TAMBO
5,861,ANTIOQUIA,VENECIA
5,789,ANTIOQUIA,TÁMESIS
5,368,ANTIOQUIA,JERICÓ
17,388,CALDAS,LA MERCED
5,467,ANTIOQUIA,MONTEBELLO
5,364,ANTIOQUIA,JARDÍN
76,622,VALLE DEL CAUCA,ROLDANILLO
5,856,ANTIOQUIA,VALPARAÍSO
5,390,ANTIOQUIA,LA PINTADA
5,761,ANTIOQUIA,SOPETRÁN
76,109,VALLE DEL CAUCA,BUENAVENTURA
5,209,ANTIOQUIA,CONCORDIA
17,513,CALDAS,PÁCORA
5,308,ANTIOQUIA,GIRARDOTA
17,777,CALDAS,SUPÍA
5,91,ANTIOQUIA,BETANIA
n.a.,n.a.,OTRO,CHINA
5,240,ANTIOQUIA,EBÉJICO
5,284,ANTIOQUIA,FRONTINO
5,576,ANTIOQUIA,PUEBLORRICO
73,283,TOLIMA,FRESNO
25,878,CUNDINAMARCA,VIOTÁ
70,742,SUCRE,SAN LUIS DE SINCÉ
13,442,BOLÍVAR,MARÍA LA BAJA
47,605,MAGDALENA,REMOLINO
70,708,SUCRE,SAN MARCOS
44,1,LA GUAJIRA,RIOHACHA
47,53,MAGDALENA,ARACATACA
20,238,CESAR,EL COPEY
13,244,BOLÍVAR,EL CARMEN DE BOLÍVAR
8,638,ATLÁNTICO,SABANALARGA
8,520,ATLÁNTICO,PALMAR DE VARELA
70,418,SUCRE,LOS PALMITOS
47,551,MAGDALENA,PIVIJAY
70,702,SUCRE,SAN JUAN DE BETULIA
13,140,BOLÍVAR,CALAMAR
47,170,MAGDALENA,CHIVOLO
70,215,SUCRE,COROZAL
8,770,ATLÁNTICO,SUAN
70,1,SUCRE,SINCELEJO
8,433,ATLÁNTICO,MALAMBO
8,758,ATLÁNTICO,SOLEDAD
8,634,ATLÁNTICO,SABANAGRANDE
8,296,ATLÁNTICO,GALAPA
50,590,META,PUERTO RICO
15,842,BOYACÁ,ÚMBITA
68,276,SANTANDER,FLORIDABLANCA
18,753,CAQUETÁ,SAN VICENTE DEL CAGUÁN
52,215,NARIÑO,CÓRDOBA
52,317,NARIÑO,GUACHUCAL
76,828,VALLE DEL CAUCA,TRUJILLO
19,212,CAUCA,CORINTO
19,455,CAUCA,MIRANDA
52,694,NARIÑO,SAN PEDRO DE CARTAGO
19,450,CAUCA,MERCADERES
52,685,NARIÑO,SAN BERNARDO
54,680,NORTE DE SANTANDER,SANTIAGO
54,313,NORTE DE SANTANDER,GRAMALOTE
68,686,SANTANDER,SAN MIGUEL
66,75,RISARALDA,BALBOA
25,335,CUNDINAMARCA,GUAYABETAL
63,190,QUINDÍO,CIRCASIA
47,318,MAGDALENA,GUAMAL
20,32,CESAR,ASTREA
20,228,CESAR,CURUMANÍ
20,175,CESAR,CHIMICHAGUA
44,430,LA GUAJIRA,MAICAO
23,574,CÓRDOBA,PUERTO ESCONDIDO
70,508,SUCRE,OVEJAS
15,322,BOYACÁ,GUATEQUE
25,645,CUNDINAMARCA,SAN ANTONIO DEL TEQUENDAMA
15,22,BOYACÁ,ALMEIDA
15,822,BOYACÁ,TOTA
15,380,BOYACÁ,LA CAPILLA
25,436,CUNDINAMARCA,MANTA
15,600,BOYACÁ,RÁQUIRA
15,808,BOYACÁ,TINJACÁ
15,106,BOYACÁ,BRICEÑO
15,762,BOYACÁ,SORA
15,183,BOYACÁ,CHITA
25,772,CUNDINAMARCA,SUESCA
73,461,TOLIMA,MURILLO
73,686,TOLIMA,SANTA ISABEL
25,407,CUNDINAMARCA,LENGUAZAQUE
73,275,TOLIMA,FLANDES
25,797,CUNDINAMARCA,TENA
15,109,BOYACÁ,BUENAVISTA
25,596,CUNDINAMARCA,QUIPILE
41,306,HUILA,GIGANTE
85,10,CASANARE,AGUAZUL
41,615,HUILA,RIVERA
25,662,CUNDINAMARCA,SAN JUAN DE RIOSECO
41,206,HUILA,COLOMBIA
41,357,HUILA,ÍQUIRA
50,370,META,URIBE
25,120,CUNDINAMARCA,CABRERA
n.a.,n.a.,OTRO,CANADÁ
73,861,TOLIMA,VENADILLO
50,568,META,PUERTO GAITÁN
68,179,SANTANDER,CHIPATÁ
25,875,CUNDINAMARCA,VILLETA
25,148,CUNDINAMARCA,CAPARRAPÍ
25,339,CUNDINAMARCA,GUTIÉRREZ
68,81,SANTANDER,BARRANCABERMEJA
68,77,SANTANDER,BARBOSA
20,710,CESAR,SAN ALBERTO
68,235,SANTANDER,EL CARMEN DE CHUCURÍ
20,550,CESAR,PELAYA
68,468,SANTANDER,MOLAGAVITA
52,786,NARIÑO,TAMINANGO
52,254,NARIÑO,EL PEÑOL
19,473,CAUCA,MORALES
54,377,NORTE DE SANTANDER,LABATECA
15,180,BOYACÁ,CHISCAS
15,686,BOYACÁ,SANTANA
5,138,ANTIOQUIA,CAÑASGORDAS
5,86,ANTIOQUIA,BELMIRA
n.a.,n.a.,OTRO,ITALIA
23,660,CÓRDOBA,SAHAGÚN
n.a.,n.a.,OTRO,MÉXICO
20,11,CESAR,AGUACHICA
5,490,ANTIOQUIA,NECOCLÍ
66,170,RISARALDA,DOSQUEBRADAS
5,885,ANTIOQUIA,YALÍ
5,134,ANTIOQUIA,CAMPAMENTO
5,31,ANTIOQUIA,AMALFI
17,272,CALDAS,FILADELFIA
5,125,ANTIOQUIA,CAICEDO
23,68,CÓRDOBA,AYAPEL
41,548,HUILA,PITAL
41,132,HUILA,CAMPOALEGRE
41,799,HUILA,TELLO
41,676,HUILA,SANTA MARÍA
41,872,HUILA,VILLAVIEJA
73,555,TOLIMA,PLANADAS
19,355,CAUCA,INZÁ
41,885,HUILA,YAGUARÁ
73,483,TOLIMA,NATAGAIMA
73,24,TOLIMA,ALPUJARRA
41,524,HUILA,PALERMO
41,16,HUILA,AIPE
41,319,HUILA,GUADALUPE
50,110,META,BARRANCA DE UPÍA
68,327,SANTANDER,GÜEPSA
70,717,SUCRE,SAN PEDRO
47,268,MAGDALENA,EL RETÉN
15,778,BOYACÁ,SUTATENZA
15,189,BOYACÁ,CIÉNEGA
25,320,CUNDINAMARCA,GUADUAS
15,632,BOYACÁ,SABOYÁ
15,224,BOYACÁ,CUCAITA
73,270,TOLIMA,FALAN
73,873,TOLIMA,VILLARRICA
25,402,CUNDINAMARCA,LA VEGA
17,867,CALDAS,VICTORIA
73,616,TOLIMA,RIOBLANCO
73,520,TOLIMA,PALOCABILDO
15,861,BOYACÁ,VENTAQUEMADA
25,200,CUNDINAMARCA,COGUA
13,744,BOLÍVAR,SIMITÍ
68,500,SANTANDER,OIBA
68,682,SANTANDER,SAN JOAQUÍN
68,502,SANTANDER,ONZAGA
68,872,SANTANDER,VILLANUEVA
15,837,BOYACÁ,TUTA
20,60,CESAR,BOSCONIA
15,491,BOYACÁ,NOBSA
68,533,SANTANDER,PÁRAMO
76,100,VALLE DEL CAUCA,BOLÍVAR
18,592,CAQUETÁ,PUERTO RICO
19,585,CAUCA,PURACÉ
41,359,HUILA,ISNOS
20,614,CESAR,RÍO DE ORO
5,2,ANTIOQUIA,ABEJORRAL
5,642,ANTIOQUIA,SALGAR
5,353,ANTIOQUIA,HISPANIA
76,869,VALLE DEL CAUCA,VIJES
5,145,ANTIOQUIA,CARAMANTA
86,571,PUTUMAYO,PUERTO GUZMÁN
41,801,HUILA,TERUEL
17,616,CALDAS,RISARALDA
50,226,META,CUMARAL
50,270,META,EL DORADO
81,794,ARAUCA,TAME
63,548,QUINDÍO,PIJAO
52,240,NARIÑO,CHACHAGÜÍ
25,486,CUNDINAMARCA,NEMOCÓN
15,232,BOYACÁ,CHÍQUIZA
15,455,BOYACÁ,MIRAFLORES
15,673,BOYACÁ,SAN MATEO
15,753,BOYACÁ,SOATÁ
15,832,BOYACÁ,TUNUNGUÁ
52,835,NARIÑO,SAN ANDRÉS DE TUMACO
68,385,SANTANDER,LANDÁZURI
25,491,CUNDINAMARCA,NOCAIMA
68,673,SANTANDER,SAN BENITO
15,469,BOYACÁ,MONIQUIRÁ
15,806,BOYACÁ,TIBASOSA
25,154,CUNDINAMARCA,CARMEN DE CARUPA
68,861,SANTANDER,VÉLEZ
76,497,VALLE DEL CAUCA,OBANDO
25,307,CUNDINAMARCA,GIRARDOT
19,548,CAUCA,PIENDAMÓ
5,792,ANTIOQUIA,TARSO
5,264,ANTIOQUIA,ENTRERRÍOS
5,44,ANTIOQUIA,ANZÁ
5,129,ANTIOQUIA,CALDAS
5,212,ANTIOQUIA,COPACABANA
15,572,BOYACÁ,PUERTO BOYACÁ
5,154,ANTIOQUIA,CAUCASIA
66,456,RISARALDA,MISTRATÓ
50,680,META,SAN CARLOS DE GUAROA
8,558,ATLÁNTICO,POLONUEVO
n.a.,n.a.,OTRO,PARAGUAY
8,137,ATLÁNTICO,CAMPO DE LA CRUZ
70,823,SUCRE,TOLÚ VIEJO
47,660,MAGDALENA,SABANAS DE SAN ÁNGEL
8,436,ATLÁNTICO,MANATÍ
47,288,MAGDALENA,FUNDACIÓN
47,1,MAGDALENA,SANTA MARTA
8,685,ATLÁNTICO,SANTO TOMÁS
25,372,CUNDINAMARCA,JUNÍN
15,511,BOYACÁ,PACHAVITA
15,763,BOYACÁ,SOTAQUIRÁ
68,101,SANTANDER,BOLÍVAR
41,378,HUILA,LA ARGENTINA
68,167,SANTANDER,CHARALÁ
76,863,VALLE DEL CAUCA,VERSALLES
17,442,CALDAS,MARMATO
76,41,VALLE DEL CAUCA,ANSERMANUEVO
25,530,CUNDINAMARCA,PARATEBUENO
50,245,META,EL CALVARIO
95,1,GUAVIARE,SAN JOSÉ DEL GUAVIARE
76,845,VALLE DEL CAUCA,ULLOA
73,55,TOLIMA,ARMERO GUAYABAL
23,419,CÓRDOBA,LOS CÓRDOBAS
8,606,ATLÁNTICO,REPELÓN
47,692,MAGDALENA,SAN SEBASTIÁN DE BUENAVISTA
41,791,HUILA,TARQUI
19,256,CAUCA,EL TAMBO
23,466,CÓRDOBA,MONTELÍBANO
73,585,TOLIMA,PURIFICACIÓN
15,325,BOYACÁ,GUAYATÁ
68,770,SANTANDER,SUAITA
15,676,BOYACÁ,SAN MIGUEL DE SEMA
73,563,TOLIMA,PRADO
68,780,SANTANDER,SURATÁ
20,400,CESAR,LA JAGUA DE IBIRICO
68,51,SANTANDER,ARATOCA
18,150,CAQUETÁ,CARTAGENA DEL CHAIRÁ
19,517,CAUCA,PÁEZ
5,42,ANTIOQUIA,SANTA FÉ DE ANTIOQUIA
73,622,TOLIMA,RONCESVALLES
68,271,SANTANDER,FLORIÁN
68,169,SANTANDER,CHARTA
68,209,SANTANDER,CONFINES
68,425,SANTANDER,MACARAVITA
5,690,ANTIOQUIA,SANTO DOMINGO
17,486,CALDAS,NEIRA
n.a.,n.a.,OTRO,BRASIL
73,30,TOLIMA,AMBALEMA
47,555,MAGDALENA,PLATO
8,675,ATLÁNTICO,SANTA LUCÍA
52,693,NARIÑO,SAN PABLO
18,410,CAQUETÁ,LA MONTAÑITA
50,124,META,CABUYARO
25,736,CUNDINAMARCA,SESQUILÉ
15,693,BOYACÁ,SANTA ROSA DE VITERBO
25,653,CUNDINAMARCA,SAN CAYETANO
25,658,CUNDINAMARCA,SAN FRANCISCO
15,212,BOYACÁ,COPER
5,306,ANTIOQUIA,GIRALDO
23,79,CÓRDOBA,BUENAVISTA
13,654,BOLÍVAR,SAN JACINTO
23,182,CÓRDOBA,CHINÚ
25,718,CUNDINAMARCA,SASAIMA
25,295,CUNDINAMARCA,GACHANCIPÁ
19,807,CAUCA,TIMBÍO
54,398,NORTE DE SANTANDER,LA PLAYA
73,449,TOLIMA,MELGAR
5,647,ANTIOQUIA,SAN ANDRÉS DE CUERQUÍA
20,178,CESAR,CHIRIGUANÁ
25,297,CUNDINAMARCA,GACHETÁ
20,295,CESAR,GAMARRA
52,227,NARIÑO,CUMBAL
15,248,BOYACÁ,EL ESPINO
5,150,ANTIOQUIA,CAROLINA
99,1,VICHADA,PUERTO CARREÑO
44,560,LA GUAJIRA,MANAURE
25,438,CUNDINAMARCA,MEDINA
44,279,LA GUAJIRA,FONSECA
70,670,SUCRE,SAMPUÉS
73,770,TOLIMA,SUÁREZ
15,272,BOYACÁ,FIRAVITOBA
5,38,ANTIOQUIA,ANGOSTURA
50,450,META,PUERTO CONCORDIA
25,324,CUNDINAMARCA,GUATAQUÍ
25,168,CUNDINAMARCA,CHAGUANÍ
13,670,BOLÍVAR,SAN PABLO
81,65,ARAUCA,ARAUQUITA
19,318,CAUCA,GUAPÍ
68,867,SANTANDER,VETAS
5,93,ANTIOQUIA,BETULIA
17,50,CALDAS,ARANZAZU
85,162,CASANARE,MONTERREY
50,330,META,MESETAS
54,673,NORTE DE SANTANDER,SAN CAYETANO
20,250,CESAR,EL PASO
47,798,MAGDALENA,TENERIFE
41,26,HUILA,ALTAMIRA
20,517,CESAR,PAILITAS
25,867,CUNDINAMARCA,VIANÍ
15,90,BOYACÁ,BERBEO
17,444,CALDAS,MARQUETALIA
68,773,SANTANDER,SUCRE
5,483,ANTIOQUIA,NARIÑO
5,315,ANTIOQUIA,GUADALUPE
5,142,ANTIOQUIA,CARACOLÍ
41,6,HUILA,ACEVEDO
8,421,ATLÁNTICO,LURUACO
73,26,TOLIMA,ALVARADO
15,531,BOYACÁ,PAUNA
41,530,HUILA,PALESTINA
15,185,BOYACÁ,CHITARAQUE
17,433,CALDAS,MANZANARES
5,237,ANTIOQUIA,DONMATÍAS
66,383,RISARALDA,LA CELIA
68,572,SANTANDER,PUENTE NACIONAL
25,123,CUNDINAMARCA,CACHIPAY
17,665,CALDAS,SAN JOSÉ
68,121,SANTANDER,CABRERA
23,555,CÓRDOBA,PLANETA RICA
19,824,CAUCA,TOTORÓ
20,13,CESAR,AGUSTÍN CODAZZI
86,568,PUTUMAYO,PUERTO ASÍS
70,678,SUCRE,SAN BENITO ABAD
68,655,SANTANDER,SABANA DE TORRES
5,660,ANTIOQUIA,SAN LUIS
44,847,LA GUAJIRA,URIBIA
15,542,BOYACÁ,PESCA
23,300,CÓRDOBA,COTORRA
52,585,NARIÑO,PUPIALES
5,895,ANTIOQUIA,ZARAGOZA
15,897,BOYACÁ,ZETAQUIRA
27,1,CHOCÓ,QUIBDÓ
73,408,TOLIMA,LÉRIDA
5,858,ANTIOQUIA,VEGACHÍ
5,40,ANTIOQUIA,ANORÍ
73,671,TOLIMA,SALDAÑA
5,658,ANTIOQUIA,SAN JOSÉ DE LA MONTAÑA
73,200,TOLIMA,COELLO
85,410,CASANARE,TAURAMENA
15,425,BOYACÁ,MACANAL
68,524,SANTANDER,PALMAS DEL SOCORRO
76,246,VALLE DEL CAUCA,EL CAIRO
76,54,VALLE DEL CAUCA,ARGELIA
52,573,NARIÑO,PUERRES
5,361,ANTIOQUIA,ITUANGO
41,668,HUILA,SAN AGUSTÍN
47,675,MAGDALENA,SALAMINA
54,347,NORTE DE SANTANDER,HERRÁN
81,300,ARAUCA,FORTUL
70,230,SUCRE,CHALÁN
73,547,TOLIMA,PIEDRAS
5,4,ANTIOQUIA,ABRIAQUÍ
15,480,BOYACÁ,MUZO
15,764,BOYACÁ,SORACÁ
76,823,VALLE DEL CAUCA,TORO
13,657,BOLÍVAR,SAN JUAN NEPOMUCENO
68,79,SANTANDER,BARICHARA
52,411,NARIÑO,LINARES
27,615,CHOCÓ,RIOSUCIO
15,401,BOYACÁ,LA VICTORIA
86,1,PUTUMAYO,MOCOA
19,780,CAUCA,SUÁREZ
25,328,CUNDINAMARCA,GUAYABAL DE SÍQUIMA
50,350,META,LA MACARENA
76,243,VALLE DEL CAUCA,EL ÁGUILA
68,250,SANTANDER,EL PEÑÓN
68,573,SANTANDER,PUERTO PARRA
18,247,CAQUETÁ,EL DONCELLO
52,352,NARIÑO,ILES
19,821,CAUCA,TORIBÍO
25,19,CUNDINAMARCA,ALBÁN
25,839,CUNDINAMARCA,UBALÁ
15,368,BOYACÁ,JERICÓ
25,488,CUNDINAMARCA,NILO
13,212,BOLÍVAR,CÓRDOBA
73,349,TOLIMA,HONDA
68,211,SANTANDER,CONTRATACIÓN
50,683,META,SAN JUAN DE ARAMA
13,468,BOLÍVAR,MOMPÓS
73,217,TOLIMA,COYAIMA
25,317,CUNDINAMARCA,GUACHETÁ
19,809,CAUCA,TIMBIQUÍ
5,147,ANTIOQUIA,CAREPA
5,842,ANTIOQUIA,URAMITA
52,287,NARIÑO,FUNES
18,94,CAQUETÁ,BELÉN DE LOS ANDAQUÍES
5,604,ANTIOQUIA,REMEDIOS
25,258,CUNDINAMARCA,EL PEÑÓN
68,745,SANTANDER,SIMACOTA
15,172,BOYACÁ,CHINAVITA
73,854,TOLIMA,VALLE DE SAN JUAN
52,354,NARIÑO,IMUÉS
15,839,BOYACÁ,TUTAZÁ
5,501,ANTIOQUIA,OLAYA
52,110,NARIÑO,BUESACO
15,500,BOYACÁ,OICATÁ
52,83,NARIÑO,BELÉN
15,244,BOYACÁ,EL COCUY
41,807,HUILA,TIMANÁ
15,755,BOYACÁ,SOCOTÁ
52,612,NARIÑO,RICAURTE
5,656,ANTIOQUIA,SAN JERÓNIMO
19,622,CAUCA,ROSAS
13,683,BOLÍVAR,SANTA ROSA
15,223,BOYACÁ,CUBARÁ
5,495,ANTIOQUIA,NECHÍ
13,248,BOLÍVAR,EL GUAMO
47,570,MAGDALENA,PUEBLOVIEJO
25,483,CUNDINAMARCA,NARIÑO
73,152,TOLIMA,CASABIANCA
19,130,CAUCA,CAJIBÍO
70,771,SUCRE,SUCRE
54,385,NORTE DE SANTANDER,LA ESPERANZA
13,160,BOLÍVAR,CANTAGALLO
68,855,SANTANDER,VALLE DE SAN JOSÉ
13,440,BOLÍVAR,MARGARITA
15,522,BOYACÁ,PANQUEBA
47,460,MAGDALENA,NUEVA GRANADA
52,560,NARIÑO,POTOSÍ
19,300,CAUCA,GUACHENÉ
23,189,CÓRDOBA,CIÉNAGA DE ORO
47,205,MAGDALENA,CONCORDIA
15,187,BOYACÁ,CHIVATÁ
15,226,BOYACÁ,CUÍTIVA
25,288,CUNDINAMARCA,FÚQUENE
15,757,BOYACÁ,SOCHA
52,19,NARIÑO,ALBÁN
86,885,PUTUMAYO,VILLAGARZÓN
18,860,CAQUETÁ,VALPARAÍSO
41,483,HUILA,NÁTAGA
15,667,BOYACÁ,SAN LUIS DE GACENO
13,894,BOLÍVAR,ZAMBRANO
15,774,BOYACÁ,SUSACÓN
86,569,PUTUMAYO,PUERTO CAICEDO
44,650,LA GUAJIRA,SAN JUAN DEL CESAR
15,761,BOYACÁ,SOMONDOCO
13,836,BOLÍVAR,TURBACO
23,682,CÓRDOBA,SAN JOSÉ DE URÉ
47,161,MAGDALENA,CERRO DE SAN ANTONIO
47,30,MAGDALENA,ALGARROBO
47,960,MAGDALENA,ZAPAYÁN
70,110,SUCRE,BUENAVISTA
68,296,SANTANDER,GALÁN
13,473,BOLÍVAR,MORALES
52,210,NARIÑO,CONTADERO
52,22,NARIÑO,ALDANA
66,572,RISARALDA,PUEBLO RICO
13,52,BOLÍVAR,ARJONA
17,541,CALDAS,PENSILVANIA
5,107,ANTIOQUIA,BRICEÑO
68,320,SANTANDER,GUADALUPE
19,110,CAUCA,BUENOS AIRES
5,736,ANTIOQUIA,SEGOVIA
47,258,MAGDALENA,EL PIÑÓN
25,398,CUNDINAMARCA,LA PEÑA
68,13,SANTANDER,AGUADA
54,800,NORTE DE SANTANDER,TEORAMA
50,150,META,CASTILLA LA NUEVA
n.a.,n.a.,OTRO,BOLIVIA
20,383,CESAR,LA GLORIA
20,621,CESAR,LA PAZ
70,523,SUCRE,PALMITO
85,139,CASANARE,MANÍ
41,797,HUILA,TESALIA
50,686,META,SAN JUANITO
20,750,CESAR,SAN DIEGO
85,250,CASANARE,PAZ DE ARIPORO
15,442,BOYACÁ,MARIPÍ
20,443,CESAR,MANAURE BALCÓN DEL CESAR
47,541,MAGDALENA,PEDRAZA
70,713,SUCRE,SAN ONOFRE
85,125,CASANARE,HATO COROZAL
47,58,MAGDALENA,ARIGUANÍ
25,807,CUNDINAMARCA,TIBIRITA
5,55,ANTIOQUIA,ARGELIA
44,874,LA GUAJIRA,VILLANUEVA
18,205,CAQUETÁ,CURILLO
5,607,ANTIOQUIA,RETIRO
73,678,TOLIMA,SAN LUIS
70,124,SUCRE,CAIMITO
97,1,VAUPÉS,MITÚ
13,42,BOLÍVAR,ARENAL
15,790,BOYACÁ,TASCO
17,495,CALDAS,NORCASIA
23,675,CÓRDOBA,SAN BERNARDO DEL VIENTO
50,325,META,MAPIRIPÁN
19,290,CAUCA,FLORENCIA
70,429,SUCRE,MAJAGUAL
15,690,BOYACÁ,SANTA MARÍA
5,819,ANTIOQUIA,TOLEDO
5,425,ANTIOQUIA,MACEO
25,851,CUNDINAMARCA,ÚTICA
15,403,BOYACÁ,LA UVITA
20,45,CESAR,BECERRIL
25,823,CUNDINAMARCA,TOPAIPÍ
27,660,CHOCÓ,SAN JOSÉ DEL PALMAR
70,820,SUCRE,SANTIAGO DE TOLÚ
41,13,HUILA,AGRADO
68,370,SANTANDER,JORDÁN
73,148,TOLIMA,CARMEN DE APICALÁ
68,498,SANTANDER,OCAMONTE
95,200,GUAVIARE,MIRAFLORES
23,672,CÓRDOBA,SAN ANTERO
17,662,CALDAS,SAMANÁ
n.a.,n.a.,OTRO,PANAMÁ
86,573,PUTUMAYO,PUERTO LEGUÍZAMO
70,221,SUCRE,COVEÑAS
19,701,CAUCA,SANTA ROSA
8,372,ATLÁNTICO,JUAN DE ACOSTA
5,854,ANTIOQUIA,VALDIVIA
73,236,TOLIMA,DOLORES
68,176,SANTANDER,CHIMA
68,20,SANTANDER,ALBANIA
44,90,LA GUAJIRA,DIBULLA
25,95,CUNDINAMARCA,BITUIMA
25,394,CUNDINAMARCA,LA PALMA
23,686,CÓRDOBA,SAN PELAYO
73,870,TOLIMA,VILLAHERMOSA
68,397,SANTANDER,LA PAZ
52,36,NARIÑO,ANCUYÁ
27,75,CHOCÓ,BAHÍA SOLANO
73,226,TOLIMA,CUNDAY
68,720,SANTANDER,SANTA HELENA DEL OPÓN
95,25,GUAVIARE,EL RETORNO
15,362,BOYACÁ,IZA
52,678,NARIÑO,SAMANIEGO
n.a.,n.a.,OTRO,HOLANDA
73,675,TOLIMA,SAN ANTONIO
52,207,NARIÑO,CONSACÁ
25,368,CUNDINAMARCA,JERUSALÉN
20,787,CESAR,TAMALAMEQUE
85,263,CASANARE,PORE
52,540,NARIÑO,POLICARPA
86,757,PUTUMAYO,SAN MIGUEL
5,51,ANTIOQUIA,ARBOLETES
27,361,CHOCÓ,ISTMINA
52,687,NARIÑO,SAN LORENZO
99,773,VICHADA,CUMARIBO
5,591,ANTIOQUIA,PUERTO TRIUNFO
15,621,BOYACÁ,RONDÓN
73,43,TOLIMA,ANZOÁTEGUI
86,749,PUTUMAYO,SIBUNDOY
25,805,CUNDINAMARCA,TIBACUY
8,849,ATLÁNTICO,USIACURÍ
52,320,NARIÑO,GUAITARILLA
52,885,NARIÑO,YACUANQUER
19,100,CAUCA,BOLÍVAR
68,266,SANTANDER,ENCISO
27,430,CHOCÓ,MEDIO BAUDÓ
95,15,GUAVIARE,CALAMAR
73,67,TOLIMA,ATACO
68,132,SANTANDER,CALIFORNIA
5,809,ANTIOQUIA,TITIRIBÍ
15,236,BOYACÁ,CHIVOR
25,781,CUNDINAMARCA,SUTATAUSA
52,473,NARIÑO,MOSQUERA
52,378,NARIÑO,LA CRUZ
68,344,SANTANDER,HATO
25,885,CUNDINAMARCA,YACOPÍ
52,506,NARIÑO,OSPINA
25,572,CUNDINAMARCA,PUERTO SALGAR
27,6,CHOCÓ,ACANDÍ
41,518,HUILA,PAICOL
5,628,ANTIOQUIA,SABANALARGA
70,473,SUCRE,MORROA
52,490,NARIÑO,OLAYA HERRERA
52,323,NARIÑO,GUALMATÁN
15,580,BOYACÁ,QUÍPAMA
68,298,SANTANDER,GÁMBITA
27,77,CHOCÓ,BAJO BAUDÓ
20,570,CESAR,PUEBLO BELLO
5,543,ANTIOQUIA,PEQUE
44,855,LA GUAJIRA,URUMITA
8,832,ATLÁNTICO,TUBARÁ
52,385,NARIÑO,LA LLANADA
23,570,CÓRDOBA,PUEBLO NUEVO
n.a.,n.a.,OTRO,URUGUAY
5,21,ANTIOQUIA,ALEJANDRÍA
